<?xml version="1.0" encoding="UTF-8"?>

<!-- generated on 2025-12-21T00:29:50.508705+05:30 by Eclipse SUMO GUI 1.25.0
<sumoConfiguration xmlns:xsi="http://www.w3.org/2001/XMLSchema-instance" xsi:noNamespaceSchemaLocation="http://sumo.dlr.de/xsd/sumoConfiguration.xsd">

    <input>
        <net-file value="/mnt/Windows-SSD/Users/yvavi/yeet/coding/projects/delhi/Code-Slayer-FDRL-Traffic/FDRL/sumo_files/dy/osm.net.xml.gz"/>
        <route-files value="/mnt/Windows-SSD/Users/yvavi/yeet/coding/projects/delhi/Code-Slayer-FDRL-Traffic/FDRL/sumo_files/dy/osm.bus.trips.xml,/mnt/Windows-SSD/Users/yvavi/yeet/coding/projects/delhi/Code-Slayer-FDRL-Traffic/FDRL/sumo_files/dy/osm.motorcycle.trips.xml,/mnt/Windows-SSD/Users/yvavi/yeet/coding/projects/delhi/Code-Slayer-FDRL-Traffic/FDRL/sumo_files/dy/osm.passenger.trips.xml,/mnt/Windows-SSD/Users/yvavi/yeet/coding/projects/delhi/Code-Slayer-FDRL-Traffic/FDRL/sumo_files/dy/osm.truck.trips.xml"/>
        <additional-files value="/mnt/Windows-SSD/Users/yvavi/yeet/coding/projects/delhi/Code-Slayer-FDRL-Traffic/FDRL/sumo_files/dy/osm.poly.xml.gz,/mnt/Windows-SSD/Users/yvavi/yeet/coding/projects/delhi/Code-Slayer-FDRL-Traffic/FDRL/sumo_files/dy/output.add.xml"/>
    </input>

    <output>
        <tripinfo-output value="/mnt/Windows-SSD/Users/yvavi/yeet/coding/projects/delhi/Code-Slayer-FDRL-Traffic/FDRL/sumo_files/dy/tripinfos.xml"/>
        <statistic-output value="/mnt/Windows-SSD/Users/yvavi/yeet/coding/projects/delhi/Code-Slayer-FDRL-Traffic/FDRL/sumo_files/dy/stats.xml"/>
    </output>

    <processing>
        <ignore-route-errors value="true"/>
        <tls.actuated.jam-threshold value="30"/>
    </processing>

    <routing>
        <device.rerouting.adaptation-steps value="18"/>
        <device.rerouting.adaptation-interval value="10"/>
    </routing>

    <report>
        <verbose value="true"/>
        <duration-log.statistics value="true"/>
        <no-step-log value="true"/>
    </report>

    <gui_only>
        <gui-settings-file value="/mnt/Windows-SSD/Users/yvavi/yeet/coding/projects/delhi/Code-Slayer-FDRL-Traffic/FDRL/sumo_files/dy/osm.view.xml"/>
    </gui_only>

</sumoConfiguration>
-->

<tripinfos xmlns:xsi="http://www.w3.org/2001/XMLSchema-instance" xsi:noNamespaceSchemaLocation="http://sumo.dlr.de/xsd/tripinfo_file.xsd">
</tripinfos>
